claim_id,claim,theorem_or_lemma,proof_or_checker,source_or_test,experiment,figure_or_table,raw_result,maturity,fresh_recheck,limitations
C01,Full repair succeeds and 0 <= A <= U <= p,Definitions; topological induction,proofs/theory.md; speculation/bitcheck.py,unit tests; relation/general families,relations; general,model equations,results/validation/relations.csv; results/validation/general.csv,proved in prose; finite-checked,2026-09-17 final campaign and exact self-reproduction,private deterministic Boolean DAG only; cost excludes search/reference/suffix work
C02,"Terminal pointwise, adaptive, and uniform budget decisions are NP-, Pi_2^P-, and Sigma_2^P-complete",Lemma 1; Theorem 1,proofs/theory.md; speculation/builders.py,quantified relation oracles; translated circuits,relations; circuits,main Tables II-III,results/validation/relations.csv; results/validation/circuits.csv,proved in prose; finite-checked,"1,056 relation views; 128 translated circuits; exact self-reproduction",not mechanized; quantified-circuit machinery is prior art
C03,Terminal hardness retains a COPY-only tree prefix and upward-closed successful families,Lemma 1,proofs/theory.md; speculation/validate.py,all single-node extensions of small relation families,relations,main Fig. 2 and Table III,results/validation/relations.json,proved in prose; finite-checked,"526,336 environment/repair-extension edges",tree restriction is only the speculative prefix
C04,Complete-state observation has the unique least mismatch-set repair,Theorem 2,proofs/theory.md; speculation/replay.py; speculation/baselines.py,general DAGs; closed-form oracle,general; baselines,main Eq. 5-6,results/validation/general.csv; results/validation/baselines.csv,proved in prose; finite-checked,"16,384 full-state mask/environment rows plus random baseline checks",reference computation is outside repair cost
C05,Complete-state pointwise is in P and adaptive/uniform budget decisions are coNP-complete,Theorem 3,proofs/theory.md; speculation/builders.py,two polynomial padding reductions over all nonempty two-variable CNFs,padding,main Table II,results/validation/padding.csv,proved in prose; finite-checked,"510 graph instances; 4,080 repaired-environment rows",finite checks do not prove unbounded hardness
C06,"Observer refinement cannot decrease pointwise, adaptive, or uniform cost",Theorem 4,proofs/theory.md; speculation/validate.py,paired terminal and complete-state costs on fixed-seed DAGs,baselines,main Table I,results/validation/baselines.csv,proved in prose; finite-checked,"1,024 environment rows",comparison assumes identical graph/cache/domain/repair semantics
C07,Declared descendant invalidation is safe and has a tight factor-p over-repair ratio for positive complete-state optimum,Theorem 5,proofs/theory.md; speculation/baselines.py; speculation/builders.py,tight family plus fixed-seed random DAGs,baselines,main Fig. 2 and Tables IV-V,results/validation/baselines.csv,proved in prose; finite-checked,"12 tight sizes; 2,072 soundness rows; 128 random DAGs",no finite multiplicative ratio at zero optimum; pure declared DAG only
C08,The maximum positive adaptive/uniform ratio U/A is p,Theorem 6,proofs/theory.md; speculation/builders.py,star family for p=1..8,gaps,main Fig. 3,results/validation/gaps.csv,proved in prose; finite-checked,eight exact sizes; A=1 and U=p,unit node cost; excludes A=0
C09,Private components compose pointwise/uniformly; shared inputs invalidate addition of adaptive scalar maxima,Theorem 7,proofs/theory.md; speculation/validate.py,shared-input counterexample,gaps,main composition equations,results/validation/gaps.json,proved in prose; example finite-checked,"joint A=1, separate A sum=2, joint U=2",disjoint private gates and separately observed outputs
C10,Explicit certificates cover every listed environment and replay the declared trace,Certificate argument,speculation/replay.py; speculation/__main__.py,retained and generated certificates; negative controls,general; negatives,supplement certificate section,cases/active-input-gap-certificate.json; results/validation/negatives.csv,finite-checked implementation property,retained and freshly generated certificates both verified,explicit tables may be exponential; certificate alone does not prove optimality
C11,Independent bit evaluation and stack replay agree on retained finite rows,"Implementation cross-check, not general theorem",speculation/bitcheck.py; speculation/replay.py,relation/circuit/general rows,relations; circuits; general,main Table III,results/validation/relations.json; results/validation/circuits.json; results/validation/general.json,measured finite check,"75,776 exact comparisons; exact self-reproduction",shared data schema; not independent scientific review
C12,All intended malformed cases are rejected,Schema and certificate invariants,speculation/model.py; speculation/replay.py; speculation/validate.py,24 controlled mutations and 13 unit tests,negatives; unit tests,main Table V,results/validation/negatives.csv; results/unit-tests.txt,finite-checked,24/24 controls and 13/13 unit tests passed,does not discover unmodeled website/native effects
C13,"The bounded contribution is distinct from the reviewed dependency tracking, incremental rebuilding, speculation, transaction, diagnosis, quantified repair, and graph-constrained rollback/replay formulations",Scoped literature comparison,literature-notes.md; literature-calibration.csv; reference-verification.csv,12 TPDS + 5 influential + 5 adjacent full papers; 7 additional direct/closest comparisons; all 39 cited references individually reconciled,literature screening,main Tables VI-VII,literature-calibration.csv; reference-verification.csv; external_resources.csv,literature comparison complete for internal lock,"2026-09-19 metadata, relevance, preprint status, and closest-work recheck",no universal priority claim; future reviewers may identify more work
C14,The supplied IEEEtran package builds an exactly 12-page main paper with 39 cited references and a separate proof supplement,Paper build contract,paper/build.py; paper/main.tex; paper/supplement.tex,three-pass TeX/BibTeX builds and log checks,paper build,main.pdf; supplement.pdf,paper/main.pdf; paper/supplement.pdf,built and visually inspected,"2026-09-19: 12/6 pages, 39 bibitems, letter size, embedded fonts, clean logs, and rendered-page inspection passed",live interactive TPDS submission rules require human recheck before external use
C15,The standalone artifact reproduces all retained CSV rows and counts from a fresh output directory,Reproduction contract,reproduce.py,unit tests plus seven child suites and CLI certificate roundtrip,clean reproduction,artifact README,results/clean-reproduction.json,exactly reproduced,"2026-09-19: candidate named archives and immutable post-record archives freshly extracted; 13 tests, seven suites, every documented CLI, exact CSV/count comparison, and 12/6-page paper rebuild passed","self-reproduction is not independent review, proof-assistant verification, browser validation, or proof of scientific novelty"
C16,"For any observer projected from complete state, pointwise optimum is bounded by mismatch repair, which is bounded by descendant invalidation; mismatch and descendant unions give uniform upper bounds","Theorems 2, 4, and 5; main Eq. 11",paper/main.tex; proofs/theory.md; speculation/baselines.py,"principal-family proof, projection argument, descendant-soundness and refinement checks",baselines; general,main Eq. 11 and certificate-ladder discussion,results/validation/baselines.csv; results/validation/general.csv,proved in prose; finite-checked components,2026-09-19 proof dependency and displayed inequality reconciled after final manuscript repair,semantic upper bounds; reference evaluation and environment enumeration are not charged or made efficient
